{
    "loss": 4.293346405029297,
    "accuracy": 0.9322034120559692
}